{"flutter":{"platforms":{"android":{"default":{"projectId":"billing-system-53861","appId":"1:141364484695:android:ee6c29e27457d0204b2112","fileOutput":"android/app/google-services.json"}},"dart":{"lib/firebase_options.dart":{"projectId":"billing-system-53861","configurations":{"android":"1:141364484695:android:ee6c29e27457d0204b2112","ios":"1:141364484695:ios:e97e56385fdb40644b2112","macos":"1:141364484695:ios:e97e56385fdb40644b2112","web":"1:141364484695:web:c0121ec6d6b2a56b4b2112","windows":"1:141364484695:web:674c4b73b3ac88894b2112"}}}}}}