{
  "project_info": {
    "project_number": "141364484695",
    "project_id": "billing-system-53861",
    "storage_bucket": "billing-system-53861.firebasestorage.app"
  },
  "client": [
    {
      "client_info": {
        "mobilesdk_app_id": "1:141364484695:android:ee6c29e27457d0204b2112",
        "android_client_info": {
          "package_name": "com.example.billing_system"
        }
      },
      "oauth_client": [],
      "api_key": [
        {
          "current_key": "AIzaSyDrN_T2jwTnblQPjrXuO_XKEZ2K89Y0rEM"
        }
      ],
      "services": {
        "appinvite_service": {
          "other_platform_oauth_client": []
        }
      }
    }
  ],
  "configuration_version": "1"
}